{
"lengthUnit": "mil",
"components": {
	"fields": ["COMPONENT_NO", "COMPONENT_NAME", "LAYER", "X_COORDINATE", "Y_COORDINATE", "ANGLE"],
	"rows": [
		[1, "C17", "T", 2925, -870, 90],
		[2, "C18", "T", 2907.76, -980.62, 180],
		[3, "C22", "T", 2350, -700, 180],
		[4, "C23", "T", 2255, -870, 270],
		[5, "C24", "T", 2305, -835, 270],
		[6, "C25", "T", 2535, -635, 270],
		[7, "C27", "T", 2545, -1185, 90],
		[8, "C29", "T", 2710, -735, 180],
		[9, "C30", "T", 2825, -1030, 180],
		[10, "C31", "T", 2590, -635, 270],
		[11, "C32", "T", 2595, -1185, 90],
		[12, "C33", "T", 2375, -1110, 90],
		[13, "C34", "T", 2245, -985, 0],
		[14, "C35", "T", 2400, -525, 270],
		[15, "C40", "T", 2830, -895, 180],
		[16, "C41", "T", 1375, -755, 270],
		[17, "C42", "T", 1395, -945, 180],
		[18, "C43", "T", 1395, -890, 180],
		[19, "C44", "T", 986.96, -753.17, 270],
		[20, "C45", "T", 935, -1325, 90],
		[21, "C46", "T", 1040, -755, 270],
		[22, "C47", "T", 1050, -1395, 90],
		[23, "C48", "T", 1040, -605, 0],
		[24, "C49", "T", 1195, -700, 0],
		[25, "C55", "T", 2431.46, -726.46, 270],
		[26, "C60", "T", 1139.72, -501.78, 0],
		[27, "C61", "T", 1110, -755, 270],
		[28, "C64", "T", 815, -440, 90],
		[29, "C65", "T", 1407.98, -841.19, 180],
		[30, "C66", "T", 965, -485, 90],
		[31, "C67", "T", 991.25, -1402.38, 90],
		[32, "C68", "T", 530, -1425, 90],
		[33, "C69", "T", 1988.54, -1111.46, 270],
		[34, "C70", "T", 2613.23, -117.86, 0],
		[35, "C71", "T", 2739.01, -2016.75, 270],
		[36, "C72", "T", 2733.68, -1772.96, 90],
		[37, "C73", "T", 870, -560, 0],
		[38, "C74", "T", 1766.72, -1105.86, 270],
		[39, "CARD1", "T", 355, -1060, 0],
		[40, "D1", "T", 1350, -1690, 180],
		[41, "D2", "T", 1970, -1530, 180],
		[42, "H1", "T", 1310, -170, 0],
		[43, "H2", "T", 3285, -780, 270],
		[44, "L1", "T", 2158.54, -830.88, 270],
		[45, "L2", "T", 1182.28, -622.07, 0],
		[46, "LED1", "T", 2575, -315, 180],
		[47, "LED2", "T", 2655, -315, 180],
		[48, "LED3", "T", 2655, -235, 270],
		[49, "LED4", "T", 2575, -235, 0],
		[50, "LED5", "T", 3135, -1120, 180],
		[51, "LED6", "T", 3135, -1215, 180],
		[52, "LED7", "T", 1427.59, -1207.47, 180],
		[53, "R6", "T", 2855, -940, 180],
		[54, "R7", "T", 2041.97, -1815.49, 0],
		[55, "R8", "T", 2230, -1810, 180],
		[56, "R9", "T", 2215, -705, 0],
		[57, "R10", "T", 2115, -945, 180],
		[58, "R11", "T", 2115, -985, 0],
		[59, "R12", "T", 3160, -444.08, 270],
		[60, "R21", "T", 435, -1410, 270],
		[61, "R22", "T", 1300, -1855, 0],
		[62, "R23", "T", 1435, -1825, 270],
		[63, "R24", "T", 2055, -1540, 90],
		[64, "R25", "T", 1110, -1535, 90],
		[65, "R26", "T", 1160.21, -1375.81, 270],
		[66, "R27", "T", 1775.17, -920.75, 0],
		[67, "R28", "T", 1670.28, -1190.86, 0],
		[68, "R29", "T", 3005, -1125, 0],
		[69, "R30", "T", 3005, -1205, 0],
		[70, "R31", "T", 1592.34, -777.34, 270],
		[71, "R33", "T", 875, -1195, 90],
		[72, "R34", "T", 825, -1195, 90],
		[73, "R35", "T", 736.74, -1175.89, 90],
		[74, "R36", "T", 1294.26, -1177.47, 180],
		[75, "SW1", "T", 2245, -1570, 0],
		[76, "SW2", "T", 3160, -610, 90],
		[77, "SW3", "T", 1285, -1440, 270],
		[78, "SW4", "T", 2965, -600, 270],
		[79, "U1", "T", 1045, -1030, 90],
		[80, "U3", "T", 1630, -1025, 180],
		[81, "U6", "T", 1135, -400, 270],
		[82, "U7", "T", 2540, -935, 90],
		[83, "U8", "T", 3025, -940, 90],
		[84, "U9", "T", 2130, -1275, 0],
		[85, "U10", "T", 2985, -1845, 270],
		[86, "U11", "T", 2135, -2030, 0],
		[87, "U14", "T", 1365.58, -2029.16, 0],
		[88, "X1", "T", 845, -700, 270],
		[89, "PAD1", "T", 150, -155, 0],
		[90, "PAD1", "B", 150, -155, 0],
		[91, "PAD2", "T", 145, -2065, 0],
		[92, "PAD2", "B", 145, -2065, 0],
		[93, "PAD3", "T", 3215, -150, 0],
		[94, "PAD3", "B", 3215, -150, 0]
	]
},
"pins": {
	"fields": ["PIN_NO", "PIN_NAME", "PIN_X", "PIN_Y", "LAYER", "PIN_TYPE", "NET_NAME", "NET_TYPE", "PAD_SHAPE", "PAD_SIZEX", "PAD_SIZEY", "HOLE_SIZE", "PAD_ANGLE"],
	"rows": [
		[1, "C17_1", 2925, -891.46, "T", "SMD", "$2N1327", "", "R", 31.11, 21.26, 0, 90],
		[2, "C17_2", 2925, -848.54, "T", "SMD", "GND", "GND", "R", 31.11, 21.26, 0, 90],
		[3, "C18_1", 2929.22, -980.62, "T", "SMD", "GND", "GND", "R", 31.11, 21.26, 0, 180],
		[4, "C18_2", 2886.3, -980.62, "T", "SMD", "XIN", "", "R", 31.11, 21.26, 0, 180],
		[5, "C22_1", 2371.46, -700, "T", "SMD", "GND", "GND", "R", 31.11, 21.26, 0, 180],
		[6, "C22_2", 2328.54, -700, "T", "SMD", "RVREG_AVDD", "", "R", 31.11, 21.26, 0, 180],
		[7, "C23_1", 2255, -848.54, "T", "SMD", "GND", "GND", "R", 31.11, 21.26, 0, 270],
		[8, "C23_2", 2255, -891.46, "T", "SMD", "1V1", "", "R", 31.11, 21.26, 0, 270],
		[9, "C24_1", 2305, -813.54, "T", "SMD", "GND", "GND", "R", 31.11, 21.26, 0, 270],
		[10, "C24_2", 2305, -856.46, "T", "SMD", "3V3", "", "R", 31.11, 21.26, 0, 270],
		[11, "C25_1", 2535, -613.54, "T", "SMD", "GND", "GND", "R", 31.11, 21.26, 0, 270],
		[12, "C25_2", 2535, -656.46, "T", "SMD", "1V1", "", "R", 31.11, 21.26, 0, 270],
		[13, "C27_1", 2545, -1206.46, "T", "SMD", "GND", "GND", "R", 31.11, 21.26, 0, 90],
		[14, "C27_2", 2545, -1163.54, "T", "SMD", "1V1", "", "R", 31.11, 21.26, 0, 90],
		[15, "C29_1", 2731.46, -735, "T", "SMD", "GND", "GND", "R", 31.11, 21.26, 0, 180],
		[16, "C29_2", 2688.54, -735, "T", "SMD", "3V3", "", "R", 31.11, 21.26, 0, 180],
		[17, "C30_1", 2846.46, -1030, "T", "SMD", "GND", "GND", "R", 31.11, 21.26, 0, 180],
		[18, "C30_2", 2803.54, -1030, "T", "SMD", "3V3", "", "R", 31.11, 21.26, 0, 180],
		[19, "C31_1", 2590, -613.54, "T", "SMD", "GND", "GND", "R", 31.11, 21.26, 0, 270],
		[20, "C31_2", 2590, -656.46, "T", "SMD", "3V3", "", "R", 31.11, 21.26, 0, 270],
		[21, "C32_1", 2595, -1206.46, "T", "SMD", "GND", "GND", "R", 31.11, 21.26, 0, 90],
		[22, "C32_2", 2595, -1163.54, "T", "SMD", "3V3", "", "R", 31.11, 21.26, 0, 90],
		[23, "C33_1", 2375, -1131.46, "T", "SMD", "GND", "GND", "R", 31.11, 21.26, 0, 90],
		[24, "C33_2", 2375, -1088.54, "T", "SMD", "3V3", "", "R", 31.11, 21.26, 0, 90],
		[25, "C34_1", 2223.54, -985, "T", "SMD", "GND", "GND", "R", 31.11, 21.26, 0, 0],
		[26, "C34_2", 2266.46, -985, "T", "SMD", "3V3", "", "R", 31.11, 21.26, 0, 0],
		[27, "C35_1", 2400, -503.54, "T", "SMD", "GND", "GND", "R", 31.11, 21.26, 0, 270],
		[28, "C35_2", 2400, -546.46, "T", "SMD", "3V3", "", "R", 31.11, 21.26, 0, 270],
		[29, "C40_1", 2851.46, -895, "T", "SMD", "GND", "GND", "R", 31.11, 21.26, 0, 180],
		[30, "C40_2", 2808.54, -895, "T", "SMD", "1V1", "", "R", 31.11, 21.26, 0, 180],
		[31, "C41_1", 1375, -733.54, "T", "SMD", "GND", "GND", "R", 31.11, 21.26, 0, 270],
		[32, "C41_2", 1375, -776.46, "T", "SMD", "3V3", "", "R", 31.11, 21.26, 0, 270],
		[33, "C42_1", 1416.46, -945, "T", "SMD", "GND", "GND", "R", 31.11, 21.26, 0, 180],
		[34, "C42_2", 1373.54, -945, "T", "SMD", "3V3", "", "R", 31.11, 21.26, 0, 180],
		[35, "C43_1", 1416.46, -890, "T", "SMD", "GND", "GND", "R", 31.11, 21.26, 0, 180],
		[36, "C43_2", 1373.54, -890, "T", "SMD", "3V3", "", "R", 31.11, 21.26, 0, 180],
		[37, "C44_1", 986.96, -731.71, "T", "SMD", "GND", "GND", "R", 31.11, 21.26, 0, 270],
		[38, "C44_2", 986.96, -774.63, "T", "SMD", "3V3", "", "R", 31.11, 21.26, 0, 270],
		[39, "C45_1", 935, -1346.46, "T", "SMD", "GND", "GND", "R", 31.11, 21.26, 0, 90],
		[40, "C45_2", 935, -1303.54, "T", "SMD", "3V3", "", "R", 31.11, 21.26, 0, 90],
		[41, "C46_1", 1040, -733.54, "T", "SMD", "GND", "GND", "R", 31.11, 21.26, 0, 270],
		[42, "C46_2", 1040, -776.46, "T", "SMD", "1V2", "", "R", 31.11, 21.26, 0, 270],
		[43, "C47_1", 1050, -1416.46, "T", "SMD", "GND", "GND", "R", 31.11, 21.26, 0, 90],
		[44, "C47_2", 1050, -1373.54, "T", "SMD", "1V2", "", "R", 31.11, 21.26, 0, 90],
		[45, "C48_1", 1018.54, -605, "T", "SMD", "GND", "GND", "R", 31.11, 21.26, 0, 0],
		[46, "C48_2", 1061.46, -605, "T", "SMD", "1V2", "", "R", 31.11, 21.26, 0, 0],
		[47, "C49_1", 1173.54, -700, "T", "SMD", "GND", "GND", "R", 31.11, 21.26, 0, 0],
		[48, "C49_2", 1216.46, -700, "T", "SMD", "VCPLL", "", "R", 31.11, 21.26, 0, 0],
		[49, "C55_1", 2431.46, -705, "T", "SMD", "GND", "GND", "R", 31.11, 21.26, 0, 270],
		[50, "C55_2", 2431.46, -747.92, "T", "SMD", "3V3", "", "R", 31.11, 21.26, 0, 270],
		[51, "C60_1", 1112.16, -501.78, "T", "SMD", "GND", "GND", "R", 31.5, 35.43, 0, 0],
		[52, "C60_2", 1167.28, -501.78, "T", "SMD", "1V2", "", "R", 31.5, 35.43, 0, 0],
		[53, "C61_1", 1110, -727.44, "T", "SMD", "GND", "GND", "R", 31.5, 35.43, 0, 270],
		[54, "C61_2", 1110, -782.56, "T", "SMD", "VCPLL", "", "R", 31.5, 35.43, 0, 270],
		[55, "C64_1", 815, -467.56, "T", "SMD", "GND", "GND", "R", 31.5, 35.43, 0, 90],
		[56, "C64_2", 815, -412.44, "T", "SMD", "3V3", "", "R", 31.5, 35.43, 0, 90],
		[57, "C65_1", 1435.54, -841.19, "T", "SMD", "GND", "GND", "R", 31.5, 35.43, 0, 180],
		[58, "C65_2", 1380.42, -841.19, "T", "SMD", "3V3", "", "R", 31.5, 35.43, 0, 180],
		[59, "C66_1", 965, -512.56, "T", "SMD", "GND", "GND", "R", 31.5, 35.43, 0, 90],
		[60, "C66_2", 965, -457.44, "T", "SMD", "3V3", "", "R", 31.5, 35.43, 0, 90],
		[61, "C67_1", 991.25, -1429.94, "T", "SMD", "GND", "GND", "R", 31.5, 35.43, 0, 90],
		[62, "C67_2", 991.25, -1374.82, "T", "SMD", "1V2", "", "R", 31.5, 35.43, 0, 90],
		[63, "C68_1", 530, -1464.37, "T", "SMD", "GND", "GND", "R", 55.51, 53.15, 0, 90],
		[64, "C68_2", 530, -1385.63, "T", "SMD", "$1N14979", "", "R", 55.51, 53.15, 0, 90],
		[65, "C69_1", 1988.54, -1090, "T", "SMD", "GND", "GND", "R", 31.11, 21.26, 0, 270],
		[66, "C69_2", 1988.54, -1132.92, "T", "SMD", "3V3", "", "R", 31.11, 21.26, 0, 270],
		[67, "C70_1", 2550.53, -117.86, "T", "SMD", "GND", "GND", "R", 58.47, 68.03, 0, 0],
		[68, "C70_2", 2675.93, -117.86, "T", "SMD", "3V3", "", "R", 58.47, 68.03, 0, 0],
		[69, "C71_1", 2739.01, -1977.38, "T", "SMD", "GND", "GND", "R", 55.51, 53.15, 0, 270],
		[70, "C71_2", 2739.01, -2056.12, "T", "SMD", "VBUS", "", "R", 55.51, 53.15, 0, 270],
		[71, "C72_1", 2733.68, -1812.33, "T", "SMD", "GND", "GND", "R", 55.51, 53.15, 0, 90],
		[72, "C72_2", 2733.68, -1733.59, "T", "SMD", "3V3", "", "R", 55.51, 53.15, 0, 90],
		[73, "C73_1", 848.54, -560, "T", "SMD", "GND", "GND", "R", 31.11, 21.26, 0, 0],
		[74, "C73_2", 891.46, -560, "T", "SMD", "3V3", "", "R", 31.11, 21.26, 0, 0],
		[75, "C74_1", 1766.72, -1084.4, "T", "SMD", "GND", "GND", "R", 31.11, 21.26, 0, 270],
		[76, "C74_2", 1766.72, -1127.32, "T", "SMD", "3V3", "", "R", 31.11, 21.26, 0, 270],
		[77, "CARD1_1", 230, -1127.94, "T", "SMD", "SD_D2", "", "R", 62.99, 27.56, 0, 0],
		[78, "CARD1_2", 243.58, -1084.61, "T", "SMD", "SD_D3", "", "R", 62.99, 27.56, 0, 0],
		[79, "CARD1_3", 229.8, -1041.3, "T", "SMD", "SD_CMD", "", "R", 62.99, 27.56, 0, 0],
		[80, "CARD1_4", 219.96, -997.99, "T", "SMD", "$1N14979", "", "R", 62.99, 27.56, 0, 0],
		[81, "CARD1_5", 229.8, -954.69, "T", "SMD", "SD_CLK", "", "R", 62.99, 27.56, 0, 0],
		[82, "CARD1_6", 219.96, -911.38, "T", "SMD", "GND", "GND", "R", 62.99, 27.56, 0, 0],
		[83, "CARD1_7", 229.8, -868.07, "T", "SMD", "SD_D0", "", "R", 62.99, 27.56, 0, 0],
		[84, "CARD1_8", 229.8, -824.77, "T", "SMD", "SD_D1", "", "R", 62.99, 27.56, 0, 0],
		[85, "CARD1_9", 121.54, -795.24, "T", "SMD", "GND", "GND", "R", 66.93, 86.61, 0, 90],
		[86, "CARD1_10", 80.2, -1324.76, "T", "SMD", "GND", "GND", "R", 66.93, 86.61, 0, 90],
		[87, "CARD1_11", 629.8, -856.26, "T", "SMD", "GND", "GND", "R", 59.05, 78.74, 0, 180],
		[88, "CARD1_12", 629.8, -1080.67, "T", "SMD", "GND", "GND", "R", 59.05, 78.74, 0, 180],
		[89, "D1_1", 1330.32, -1676.22, "T", "SMD", "FUSB_DP", "", "R", 7.87, 11.81, 0, 270],
		[90, "D1_2", 1330.32, -1703.78, "T", "SMD", "FUSB_DM", "", "R", 7.87, 11.81, 0, 270],
		[91, "D1_3", 1369.68, -1690, "T", "SMD", "GND", "GND", "R", 7.87, 11.81, 0, 270],
		[92, "D2_1", 1950.32, -1516.22, "T", "SMD", "USB_DP", "", "R", 7.87, 11.81, 0, 270],
		[93, "D2_2", 1950.32, -1543.78, "T", "SMD", "USB_DM", "", "R", 7.87, 11.81, 0, 270],
		[94, "D2_3", 1989.68, -1530, "T", "SMD", "GND", "GND", "R", 7.87, 11.81, 0, 270],
		[95, "H1_1", 360, -220, "T", "DIP", "GND", "GND", "R", 62, 70.87, 43.31, 0],
		[96, "H1_1", 360, -220, "B", "DIP", "GND", "GND", "R", 62, 70.87, 43.31, 0],
		[97, "H1_2", 360, -120, "T", "DIP", "3V3", "", "C", 70.87, 70.87, 43.31, 0],
		[98, "H1_2", 360, -120, "B", "DIP", "3V3", "", "C", 70.87, 70.87, 43.31, 0],
		[99, "H1_3", 460, -220, "T", "DIP", "FGPIO4", "", "C", 70.87, 70.87, 43.31, 0],
		[100, "H1_3", 460, -220, "B", "DIP", "FGPIO4", "", "C", 70.87, 70.87, 43.31, 0],
		[101, "H1_4", 460, -120, "T", "DIP", "GND", "GND", "C", 70.87, 70.87, 43.31, 0],
		[102, "H1_4", 460, -120, "B", "DIP", "GND", "GND", "C", 70.87, 70.87, 43.31, 0],
		[103, "H1_5", 560, -220, "T", "DIP", "FGPIO3", "", "C", 70.87, 70.87, 43.31, 0],
		[104, "H1_5", 560, -220, "B", "DIP", "FGPIO3", "", "C", 70.87, 70.87, 43.31, 0],
		[105, "H1_6", 560, -120, "T", "DIP", "FGPIO2", "", "C", 70.87, 70.87, 43.31, 0],
		[106, "H1_6", 560, -120, "B", "DIP", "FGPIO2", "", "C", 70.87, 70.87, 43.31, 0],
		[107, "H1_7", 660, -220, "T", "DIP", "FGPIO6", "", "C", 70.87, 70.87, 43.31, 0],
		[108, "H1_7", 660, -220, "B", "DIP", "FGPIO6", "", "C", 70.87, 70.87, 43.31, 0],
		[109, "H1_8", 660, -120, "T", "DIP", "FGPIO40", "", "C", 70.87, 70.87, 43.31, 0],
		[110, "H1_8", 660, -120, "B", "DIP", "FGPIO40", "", "C", 70.87, 70.87, 43.31, 0],
		[111, "H1_9", 760, -220, "T", "DIP", "FGPIO38", "", "C", 70.87, 70.87, 43.31, 0],
		[112, "H1_9", 760, -220, "B", "DIP", "FGPIO38", "", "C", 70.87, 70.87, 43.31, 0],
		[113, "H1_10", 760, -120, "T", "DIP", "FGPIO39", "", "C", 70.87, 70.87, 43.31, 0],
		[114, "H1_10", 760, -120, "B", "DIP", "FGPIO39", "", "C", 70.87, 70.87, 43.31, 0],
		[115, "H1_11", 860, -220, "T", "DIP", "3V3", "", "C", 70.87, 70.87, 43.31, 0],
		[116, "H1_11", 860, -220, "B", "DIP", "3V3", "", "C", 70.87, 70.87, 43.31, 0],
		[117, "H1_12", 860, -120, "T", "DIP", "GND", "GND", "C", 70.87, 70.87, 43.31, 0],
		[118, "H1_12", 860, -120, "B", "DIP", "GND", "GND", "C", 70.87, 70.87, 43.31, 0],
		[119, "H1_13", 960, -220, "T", "DIP", "3V3", "", "C", 70.87, 70.87, 43.31, 0],
		[120, "H1_13", 960, -220, "B", "DIP", "3V3", "", "C", 70.87, 70.87, 43.31, 0],
		[121, "H1_14", 960, -120, "T", "DIP", "GND", "GND", "C", 70.87, 70.87, 43.31, 0],
		[122, "H1_14", 960, -120, "B", "DIP", "GND", "GND", "C", 70.87, 70.87, 43.31, 0],
		[123, "H1_15", 1060, -220, "T", "DIP", "3V3", "", "C", 70.87, 70.87, 43.31, 0],
		[124, "H1_15", 1060, -220, "B", "DIP", "3V3", "", "C", 70.87, 70.87, 43.31, 0],
		[125, "H1_16", 1060, -120, "T", "DIP", "GND", "GND", "C", 70.87, 70.87, 43.31, 0],
		[126, "H1_16", 1060, -120, "B", "DIP", "GND", "GND", "C", 70.87, 70.87, 43.31, 0],
		[127, "H1_17", 1160, -220, "T", "DIP", "3V3", "", "C", 70.87, 70.87, 43.31, 0],
		[128, "H1_17", 1160, -220, "B", "DIP", "3V3", "", "C", 70.87, 70.87, 43.31, 0],
		[129, "H1_18", 1160, -120, "T", "DIP", "GND", "GND", "C", 70.87, 70.87, 43.31, 0],
		[130, "H1_18", 1160, -120, "B", "DIP", "GND", "GND", "C", 70.87, 70.87, 43.31, 0],
		[131, "H1_19", 1260, -220, "T", "DIP", "FGPIO28", "", "C", 70.87, 70.87, 43.31, 0],
		[132, "H1_19", 1260, -220, "B", "DIP", "FGPIO28", "", "C", 70.87, 70.87, 43.31, 0],
		[133, "H1_20", 1260, -120, "T", "DIP", "FGPIO27", "", "C", 70.87, 70.87, 43.31, 0],
		[134, "H1_20", 1260, -120, "B", "DIP", "FGPIO27", "", "C", 70.87, 70.87, 43.31, 0],
		[135, "H1_21", 1360, -220, "T", "DIP", "FGPIO26", "", "C", 70.87, 70.87, 43.31, 0],
		[136, "H1_21", 1360, -220, "B", "DIP", "FGPIO26", "", "C", 70.87, 70.87, 43.31, 0],
		[137, "H1_22", 1360, -120, "T", "DIP", "FGPIO25", "", "C", 70.87, 70.87, 43.31, 0],
		[138, "H1_22", 1360, -120, "B", "DIP", "FGPIO25", "", "C", 70.87, 70.87, 43.31, 0],
		[139, "H1_23", 1460, -220, "T", "DIP", "FGPIO21", "", "C", 70.87, 70.87, 43.31, 0],
		[140, "H1_23", 1460, -220, "B", "DIP", "FGPIO21", "", "C", 70.87, 70.87, 43.31, 0],
		[141, "H1_24", 1460, -120, "T", "DIP", "FGPIO20", "", "C", 70.87, 70.87, 43.31, 0],
		[142, "H1_24", 1460, -120, "B", "DIP", "FGPIO20", "", "C", 70.87, 70.87, 43.31, 0],
		[143, "H1_25", 1560, -220, "T", "DIP", "FSPI_MISO", "", "C", 70.87, 70.87, 43.31, 0],
		[144, "H1_25", 1560, -220, "B", "DIP", "FSPI_MISO", "", "C", 70.87, 70.87, 43.31, 0],
		[145, "H1_26", 1560, -120, "T", "DIP", "FSPI_MOSI", "", "C", 70.87, 70.87, 43.31, 0],
		[146, "H1_26", 1560, -120, "B", "DIP", "FSPI_MOSI", "", "C", 70.87, 70.87, 43.31, 0],
		[147, "H1_27", 1660, -220, "T", "DIP", "FSPI_SCK", "", "C", 70.87, 70.87, 43.31, 0],
		[148, "H1_27", 1660, -220, "B", "DIP", "FSPI_SCK", "", "C", 70.87, 70.87, 43.31, 0],
		[149, "H1_28", 1660, -120, "T", "DIP", "FSPI_SSEL#", "", "C", 70.87, 70.87, 43.31, 0],
		[150, "H1_28", 1660, -120, "B", "DIP", "FSPI_SSEL#", "", "C", 70.87, 70.87, 43.31, 0],
		[151, "H1_29", 1760, -220, "T", "DIP", "FRESET#", "", "C", 70.87, 70.87, 43.31, 0],
		[152, "H1_29", 1760, -220, "B", "DIP", "FRESET#", "", "C", 70.87, 70.87, 43.31, 0],
		[153, "H1_30", 1760, -120, "T", "DIP", "FCDONE", "", "C", 70.87, 70.87, 43.31, 0],
		[154, "H1_30", 1760, -120, "B", "DIP", "FCDONE", "", "C", 70.87, 70.87, 43.31, 0],
		[155, "H1_31", 1860, -220, "T", "DIP", "RGPIO29", "", "C", 70.87, 70.87, 43.31, 0],
		[156, "H1_31", 1860, -220, "B", "DIP", "RGPIO29", "", "C", 70.87, 70.87, 43.31, 0],
		[157, "H1_32", 1860, -120, "T", "DIP", "RGPIO28", "", "C", 70.87, 70.87, 43.31, 0],
		[158, "H1_32", 1860, -120, "B", "DIP", "RGPIO28", "", "C", 70.87, 70.87, 43.31, 0],
		[159, "H1_33", 1960, -220, "T", "DIP", "RGPIO27", "", "C", 70.87, 70.87, 43.31, 0],
		[160, "H1_33", 1960, -220, "B", "DIP", "RGPIO27", "", "C", 70.87, 70.87, 43.31, 0],
		[161, "H1_34", 1960, -120, "T", "DIP", "RGPIO26", "", "C", 70.87, 70.87, 43.31, 0],
		[162, "H1_34", 1960, -120, "B", "DIP", "RGPIO26", "", "C", 70.87, 70.87, 43.31, 0],
		[163, "H1_35", 2060, -220, "T", "DIP", "RGPIO25", "", "C", 70.87, 70.87, 43.31, 0],
		[164, "H1_35", 2060, -220, "B", "DIP", "RGPIO25", "", "C", 70.87, 70.87, 43.31, 0],
		[165, "H1_36", 2060, -120, "T", "DIP", "RGPIO24", "", "C", 70.87, 70.87, 43.31, 0],
		[166, "H1_36", 2060, -120, "B", "DIP", "RGPIO24", "", "C", 70.87, 70.87, 43.31, 0],
		[167, "H1_37", 2160, -220, "T", "DIP", "RGPIO23", "", "C", 70.87, 70.87, 43.31, 0],
		[168, "H1_37", 2160, -220, "B", "DIP", "RGPIO23", "", "C", 70.87, 70.87, 43.31, 0],
		[169, "H1_38", 2160, -120, "T", "DIP", "RGPIO22", "", "C", 70.87, 70.87, 43.31, 0],
		[170, "H1_38", 2160, -120, "B", "DIP", "RGPIO22", "", "C", 70.87, 70.87, 43.31, 0],
		[171, "H1_39", 2260, -220, "T", "DIP", "RGPIO21", "", "C", 70.87, 70.87, 43.31, 0],
		[172, "H1_39", 2260, -220, "B", "DIP", "RGPIO21", "", "C", 70.87, 70.87, 43.31, 0],
		[173, "H1_40", 2260, -120, "T", "DIP", "RGPIO20", "", "C", 70.87, 70.87, 43.31, 0],
		[174, "H1_40", 2260, -120, "B", "DIP", "RGPIO20", "", "C", 70.87, 70.87, 43.31, 0],
		[175, "H2_1", 3285, -580, "T", "DIP", "GND", "GND", "R", 66.93, 66.93, 43.31, 270],
		[176, "H2_1", 3285, -580, "B", "DIP", "GND", "GND", "R", 66.93, 66.93, 43.31, 270],
		[177, "H2_2", 3285, -680, "T", "DIP", "3V3", "", "C", 66.93, 66.93, 43.31, 270],
		[178, "H2_2", 3285, -680, "B", "DIP", "3V3", "", "C", 66.93, 66.93, 43.31, 270],
		[179, "H2_3", 3285, -780, "T", "DIP", "RRUN", "", "C", 66.93, 66.93, 43.31, 270],
		[180, "H2_3", 3285, -780, "B", "DIP", "RRUN", "", "C", 66.93, 66.93, 43.31, 270],
		[181, "H2_4", 3285, -880, "T", "DIP", "RSWDIO", "", "C", 66.93, 66.93, 43.31, 270],
		[182, "H2_4", 3285, -880, "B", "DIP", "RSWDIO", "", "C", 66.93, 66.93, 43.31, 270],
		[183, "H2_5", 3285, -980, "T", "DIP", "RSWCLK", "", "C", 66.93, 66.93, 43.31, 270],
		[184, "H2_5", 3285, -980, "B", "DIP", "RSWCLK", "", "C", 66.93, 66.93, 43.31, 270],
		[185, "L1_1", 2158.54, -791.51, "T", "SMD", "RVREG_LX", "", "R", 39.37, 62.99, 0, 270],
		[186, "L1_2", 2158.54, -870.25, "T", "SMD", "1V1", "", "R", 39.37, 62.99, 0, 270],
		[187, "L2_1", 1144.24, -622.07, "T", "SMD", "1V2", "", "R", 44.59, 54.21, 0, 0],
		[188, "L2_2", 1220.32, -622.07, "T", "SMD", "VCPLL", "", "R", 44.59, 54.21, 0, 0],
		[189, "LED1_1", 2592.72, -332.72, "T", "SMD", "3V3", "", "R", 19.68, 19.68, 0, 180],
		[190, "LED1_2", 2592.72, -297.28, "T", "SMD", "$2N12538", "", "R", 19.68, 19.68, 0, 180],
		[191, "LED1_3", 2557.28, -297.28, "T", "SMD", "GND", "GND", "R", 19.68, 19.68, 0, 180],
		[192, "LED1_4", 2557.28, -332.72, "T", "SMD", "RGPIO19", "", "R", 19.68, 19.68, 0, 180],
		[193, "LED2_1", 2672.72, -332.72, "T", "SMD", "3V3", "", "R", 19.68, 19.68, 0, 180],
		[194, "LED2_2", 2672.72, -297.28, "T", "SMD", "$2N12531", "", "R", 19.68, 19.68, 0, 180],
		[195, "LED2_3", 2637.28, -297.28, "T", "SMD", "GND", "GND", "R", 19.68, 19.68, 0, 180],
		[196, "LED2_4", 2637.28, -332.72, "T", "SMD", "$2N12538", "", "R", 19.68, 19.68, 0, 180],
		[197, "LED3_1", 2672.72, -217.28, "T", "SMD", "3V3", "", "R", 19.68, 19.68, 0, 270],
		[198, "LED3_2", 2637.28, -217.28, "T", "SMD", "$2N12525", "", "R", 19.68, 19.68, 0, 270],
		[199, "LED3_3", 2637.28, -252.72, "T", "SMD", "GND", "GND", "R", 19.68, 19.68, 0, 270],
		[200, "LED3_4", 2672.72, -252.72, "T", "SMD", "$2N12531", "", "R", 19.68, 19.68, 0, 270],
		[201, "LED4_1", 2557.28, -217.28, "T", "SMD", "3V3", "", "R", 19.68, 19.68, 0, 0],
		[202, "LED4_2", 2557.28, -252.72, "T", "SMD", "LED4_2", "", "R", 19.68, 19.68, 0, 0],
		[203, "LED4_3", 2592.72, -252.72, "T", "SMD", "GND", "GND", "R", 19.68, 19.68, 0, 0],
		[204, "LED4_4", 2592.72, -217.28, "T", "SMD", "$2N12525", "", "R", 19.68, 19.68, 0, 0],
		[205, "LED5_1", 3093.65, -1120, "T", "SMD", "$2N18522", "", "R", 39.37, 55.1, 0, 0],
		[206, "LED5_2", 3176.35, -1120, "T", "SMD", "GND", "GND", "R", 39.37, 55.1, 0, 0],
		[207, "LED6_1", 3093.65, -1215, "T", "SMD", "$2N18581", "", "R", 39.37, 55.1, 0, 0],
		[208, "LED6_2", 3176.35, -1215, "T", "SMD", "GND", "GND", "R", 39.37, 55.1, 0, 0],
		[209, "LED7_1", 1386.24, -1207.47, "T", "SMD", "$1N41561", "", "R", 39.37, 55.1, 0, 0],
		[210, "LED7_2", 1468.93, -1207.47, "T", "SMD", "GND", "GND", "R", 39.37, 55.1, 0, 0],
		[211, "R6_1", 2872.04, -940, "T", "SMD", "$2N1327", "", "R", 22.27, 21.26, 0, 180],
		[212, "R6_2", 2837.96, -940, "T", "SMD", "XOUT", "", "R", 22.27, 21.26, 0, 180],
		[213, "R7_1", 2024.93, -1815.49, "T", "SMD", "GND", "GND", "R", 22.27, 21.26, 0, 0],
		[214, "R7_2", 2059.01, -1815.49, "T", "SMD", "$2N2410", "", "R", 22.27, 21.26, 0, 0],
		[215, "R8_1", 2247.04, -1810, "T", "SMD", "GND", "GND", "R", 22.27, 21.26, 0, 180],
		[216, "R8_2", 2212.96, -1810, "T", "SMD", "$2N2414", "", "R", 22.27, 21.26, 0, 180],
		[217, "R9_1", 2175.63, -705, "T", "SMD", "3V3", "", "R", 44.59, 54.21, 0, 0],
		[218, "R9_2", 2254.37, -705, "T", "SMD", "RVREG_AVDD", "", "R", 44.59, 54.21, 0, 0],
		[219, "R10_1", 2132.04, -945, "T", "SMD", "$2N3485", "", "R", 22.27, 21.26, 0, 180],
		[220, "R10_2", 2097.96, -945, "T", "SMD", "USB_DM", "", "R", 22.27, 21.26, 0, 180],
		[221, "R11_1", 2097.96, -985, "T", "SMD", "USB_DP", "", "R", 22.27, 21.26, 0, 0],
		[222, "R11_2", 2132.04, -985, "T", "SMD", "$2N3481", "", "R", 22.27, 21.26, 0, 0],
		[223, "R12_1", 3160, -427.04, "T", "SMD", "GND", "GND", "R", 22.27, 21.26, 0, 270],
		[224, "R12_2", 3160, -461.12, "T", "SMD", "$2N5599", "", "R", 22.27, 21.26, 0, 270],
		[225, "R21_1", 435, -1380.34, "T", "SMD", "$1N14979", "", "R", 31.75, 34.02, 0, 270],
		[226, "R21_2", 435, -1439.66, "T", "SMD", "3V3", "", "R", 31.75, 34.02, 0, 270],
		[227, "R22_1", 1282.96, -1855, "T", "SMD", "GND", "GND", "R", 22.27, 21.26, 0, 0],
		[228, "R22_2", 1317.04, -1855, "T", "SMD", "$1N15260", "", "R", 22.27, 21.26, 0, 0],
		[229, "R23_1", 1435, -1807.96, "T", "SMD", "GND", "GND", "R", 22.27, 21.26, 0, 270],
		[230, "R23_2", 1435, -1842.04, "T", "SMD", "$1N15261", "", "R", 22.27, 21.26, 0, 270],
		[231, "R24_1", 2055, -1557.04, "T", "SMD", "$2N9883", "", "R", 22.27, 21.26, 0, 90],
		[232, "R24_2", 2055, -1522.96, "T", "SMD", "RQSPI_SS", "", "R", 22.27, 21.26, 0, 90],
		[233, "R25_1", 1110, -1552.04, "T", "SMD", "3V3", "", "R", 22.27, 21.26, 0, 90],
		[234, "R25_2", 1110, -1517.96, "T", "SMD", "FCDONE", "", "R", 22.27, 21.26, 0, 90],
		[235, "R26_1", 1160.21, -1358.77, "T", "SMD", "FRESET#", "", "R", 22.27, 21.26, 0, 270],
		[236, "R26_2", 1160.21, -1392.85, "T", "SMD", "3V3", "", "R", 22.27, 21.26, 0, 270],
		[237, "R27_1", 1758.13, -920.75, "T", "SMD", "FSPI_SSEL#", "", "R", 22.27, 21.26, 0, 0],
		[238, "R27_2", 1792.21, -920.75, "T", "SMD", "3V3", "", "R", 22.27, 21.26, 0, 0],
		[239, "R28_1", 1653.24, -1190.86, "T", "SMD", "$1N6316", "", "R", 22.27, 21.26, 0, 0],
		[240, "R28_2", 1687.32, -1190.86, "T", "SMD", "3V3", "", "R", 22.27, 21.26, 0, 0],
		[241, "R29_1", 2987.96, -1125, "T", "SMD", "$2N2849", "", "R", 22.27, 21.26, 0, 0],
		[242, "R29_2", 3022.04, -1125, "T", "SMD", "$2N18522", "", "R", 22.27, 21.26, 0, 0],
		[243, "R30_1", 2987.96, -1205, "T", "SMD", "$2N2842", "", "R", 22.27, 21.26, 0, 0],
		[244, "R30_2", 3022.04, -1205, "T", "SMD", "$2N18581", "", "R", 22.27, 21.26, 0, 0],
		[245, "R31_1", 1592.34, -737.97, "T", "SMD", "3V3", "", "R", 44.59, 54.21, 0, 270],
		[246, "R31_2", 1592.34, -816.71, "T", "SMD", "$1N6258", "", "R", 44.59, 54.21, 0, 270],
		[247, "R33_1", 875, -1212.04, "T", "SMD", "FUSB_DP", "", "R", 22.27, 21.26, 0, 90],
		[248, "R33_2", 875, -1177.96, "T", "SMD", "$1N5880", "", "R", 22.27, 21.26, 0, 90],
		[249, "R34_1", 825, -1212.04, "T", "SMD", "FUSB_DM", "", "R", 22.27, 21.26, 0, 90],
		[250, "R34_2", 825, -1177.96, "T", "SMD", "$1N5876", "", "R", 22.27, 21.26, 0, 90],
		[251, "R35_1", 736.74, -1215.26, "T", "SMD", "FUSB_DM", "", "R", 44.59, 54.21, 0, 90],
		[252, "R35_2", 736.74, -1136.52, "T", "SMD", "3V3", "", "R", 44.59, 54.21, 0, 90],
		[253, "R36_1", 1311.3, -1177.47, "T", "SMD", "$1N41561", "", "R", 22.27, 21.26, 0, 180],
		[254, "R36_2", 1277.22, -1177.47, "T", "SMD", "FGPIO13", "", "R", 22.27, 21.26, 0, 180],
		[255, "SW1_1", 2158.98, -1570, "T", "SMD", "$2N9883", "", "R", 48.42, 53.54, 0, 0],
		[256, "SW1_2", 2331.02, -1570, "T", "SMD", "GND", "GND", "R", 48.42, 53.54, 0, 0],
		[257, "SW2_1", 3160, -696.02, "T", "SMD", "RRUN", "", "R", 48.42, 53.54, 0, 90],
		[258, "SW2_2", 3160, -523.98, "T", "SMD", "$2N5599", "", "R", 48.42, 53.54, 0, 90],
		[259, "SW3_1", 1285, -1353.98, "T", "SMD", "FRESET#", "", "R", 48.42, 53.54, 0, 270],
		[260, "SW3_2", 1285, -1526.02, "T", "SMD", "GND", "GND", "R", 48.42, 53.54, 0, 270],
		[261, "SW4_1", 2965, -513.98, "T", "SMD", "GND", "GND", "R", 48.42, 53.54, 0, 270],
		[262, "SW4_2", 2965, -686.02, "T", "SMD", "RGPIO16", "", "R", 48.42, 53.54, 0, 270],
		[263, "U1_1", 936.73, -1164.15, "T", "SMD", "3V3", "", "R", 26.18, 11.02, 0, 90],
		[264, "U1_2", 956.42, -1164.15, "T", "SMD", "FGPIO2", "", "R", 26.18, 11.02, 0, 90],
		[265, "U1_3", 976.1, -1164.15, "T", "SMD", "FGPIO3", "", "R", 26.18, 11.02, 0, 90],
		[266, "U1_4", 995.79, -1164.15, "T", "SMD", "FGPIO4", "", "R", 26.18, 11.02, 0, 90],
		[267, "U1_5", 1015.47, -1164.15, "T", "SMD", "1V2", "", "R", 26.18, 11.02, 0, 90],
		[268, "U1_6", 1035.16, -1164.15, "T", "SMD", "FGPIO6", "", "R", 26.18, 11.02, 0, 90],
		[269, "U1_7", 1054.84, -1164.15, "T", "SMD", "FCDONE", "", "R", 26.18, 11.02, 0, 90],
		[270, "U1_8", 1074.53, -1164.15, "T", "SMD", "FRESET#", "", "R", 26.18, 11.02, 0, 90],
		[271, "U1_9", 1094.21, -1164.15, "T", "SMD", "INTER-MOSI", "", "R", 26.18, 11.02, 0, 90],
		[272, "U1_10", 1113.9, -1164.15, "T", "SMD", "INTER-SCK", "", "R", 26.18, 11.02, 0, 90],
		[273, "U1_11", 1133.58, -1164.15, "T", "SMD", "INTER-CS", "", "R", 26.18, 11.02, 0, 90],
		[274, "U1_12", 1153.27, -1164.15, "T", "SMD", "INTER-MISO", "", "R", 26.18, 11.02, 0, 90],
		[275, "U1_13", 1179.15, -1138.27, "T", "SMD", "FGPIO13", "", "R", 11.02, 26.18, 0, 90],
		[276, "U1_14", 1179.15, -1118.58, "T", "SMD", "FSPI_MOSI", "", "R", 11.02, 26.18, 0, 90],
		[277, "U1_15", 1179.15, -1098.9, "T", "SMD", "FSPI_SCK", "", "R", 11.02, 26.18, 0, 90],
		[278, "U1_16", 1179.15, -1079.21, "T", "SMD", "FSPI_SSEL#", "", "R", 11.02, 26.18, 0, 90],
		[279, "U1_17", 1179.15, -1059.53, "T", "SMD", "FSPI_MISO", "", "R", 11.02, 26.18, 0, 90],
		[280, "U1_18", 1179.15, -1039.84, "T", "SMD", "INTER-TX", "", "R", 11.02, 26.18, 0, 90],
		[281, "U1_19", 1179.15, -1020.16, "T", "SMD", "INTER-RX", "", "R", 11.02, 26.18, 0, 90],
		[282, "U1_20", 1179.15, -1000.47, "T", "SMD", "FGPIO20", "", "R", 11.02, 26.18, 0, 90],
		[283, "U1_21", 1179.15, -980.79, "T", "SMD", "FGPIO21", "", "R", 11.02, 26.18, 0, 90],
		[284, "U1_22", 1179.15, -961.1, "T", "SMD", "3V3", "", "R", 11.02, 26.18, 0, 90],
		[285, "U1_23", 1179.15, -941.42, "T", "SMD", "FGPIO23", "", "R", 11.02, 26.18, 0, 90],
		[286, "U1_24", 1179.15, -921.73, "T", "SMD", "3V3", "", "R", 11.02, 26.18, 0, 90],
		[287, "U1_25", 1153.27, -895.85, "T", "SMD", "FGPIO25", "", "R", 26.18, 11.02, 0, 90],
		[288, "U1_26", 1133.58, -895.85, "T", "SMD", "FGPIO26", "", "R", 26.18, 11.02, 0, 90],
		[289, "U1_27", 1113.9, -895.85, "T", "SMD", "FGPIO27", "", "R", 26.18, 11.02, 0, 90],
		[290, "U1_28", 1094.21, -895.85, "T", "SMD", "FGPIO28", "", "R", 26.18, 11.02, 0, 90],
		[291, "U1_29", 1074.53, -895.85, "T", "SMD", "VCPLL", "", "R", 26.18, 11.02, 0, 90],
		[292, "U1_30", 1054.84, -895.85, "T", "SMD", "1V2", "", "R", 26.18, 11.02, 0, 90],
		[293, "U1_31", 1035.16, -895.85, "T", "SMD", "FGPIO31", "", "R", 26.18, 11.02, 0, 90],
		[294, "U1_32", 1015.47, -895.85, "T", "SMD", "FGPIO32", "", "R", 26.18, 11.02, 0, 90],
		[295, "U1_33", 995.79, -895.85, "T", "SMD", "3V3", "", "R", 26.18, 11.02, 0, 90],
		[296, "U1_34", 976.1, -895.85, "T", "SMD", "FGPIO34", "", "R", 26.18, 11.02, 0, 90],
		[297, "U1_35", 956.42, -895.85, "T", "SMD", "FPGACLACK", "", "R", 26.18, 11.02, 0, 90],
		[298, "U1_36", 936.73, -895.85, "T", "SMD", "FGPIO36", "", "R", 26.18, 11.02, 0, 90],
		[299, "U1_37", 910.85, -921.73, "T", "SMD", "FPGACLACK", "", "R", 11.02, 26.18, 0, 90],
		[300, "U1_38", 910.85, -941.42, "T", "SMD", "FGPIO38", "", "R", 11.02, 26.18, 0, 90],
		[301, "U1_39", 910.85, -961.1, "T", "SMD", "FGPIO39", "", "R", 11.02, 26.18, 0, 90],
		[302, "U1_40", 910.85, -980.79, "T", "SMD", "FGPIO40", "", "R", 11.02, 26.18, 0, 90],
		[303, "U1_41", 910.85, -1000.47, "T", "SMD", "SD_D1", "", "R", 11.02, 26.18, 0, 90],
		[304, "U1_42", 910.85, -1020.16, "T", "SMD", "SD_D0", "", "R", 11.02, 26.18, 0, 90],
		[305, "U1_43", 910.85, -1039.84, "T", "SMD", "SD_CLK", "", "R", 11.02, 26.18, 0, 90],
		[306, "U1_44", 910.85, -1059.53, "T", "SMD", "SD_CMD", "", "R", 11.02, 26.18, 0, 90],
		[307, "U1_45", 910.85, -1079.21, "T", "SMD", "SD_D3", "", "R", 11.02, 26.18, 0, 90],
		[308, "U1_46", 910.85, -1098.9, "T", "SMD", "SD_D2", "", "R", 11.02, 26.18, 0, 90],
		[309, "U1_47", 910.85, -1118.58, "T", "SMD", "$1N5876", "", "R", 11.02, 26.18, 0, 90],
		[310, "U1_48", 910.85, -1138.27, "T", "SMD", "$1N5880", "", "R", 11.02, 26.18, 0, 90],
		[311, "U1_49", 1045, -1030, "T", "SMD", "GND", "GND", "R", 210.63, 210.63, 0, 90],
		[312, "U3_1", 1705, -919.39, "T", "SMD", "FSPI_SSEL#", "", "O", 24.8, 73.42, 0, 180],
		[313, "U3_2", 1655, -919.39, "T", "SMD", "FSPI_MISO", "", "O", 24.8, 73.42, 0, 180],
		[314, "U3_3", 1605, -919.39, "T", "SMD", "$1N6258", "", "O", 24.8, 73.42, 0, 180],
		[315, "U3_4", 1555, -919.39, "T", "SMD", "GND", "GND", "O", 24.8, 73.42, 0, 180],
		[316, "U3_5", 1555, -1130.61, "T", "SMD", "FSPI_MOSI", "", "O", 24.8, 73.42, 0, 180],
		[317, "U3_6", 1605, -1130.61, "T", "SMD", "FSPI_SCK", "", "O", 24.8, 73.42, 0, 180],
		[318, "U3_7", 1655, -1130.61, "T", "SMD", "$1N6316", "", "O", 24.8, 73.42, 0, 180],
		[319, "U3_8", 1705, -1130.61, "T", "SMD", "3V3", "", "O", 24.8, 73.42, 0, 180],
		[320, "U6_1", 1097.6, -439.37, "T", "SMD", "GND", "GND", "R", 49.21, 27.56, 0, 270],
		[321, "U6_2", 1172.4, -439.37, "T", "SMD", "1V2", "", "R", 49.21, 27.56, 0, 270],
		[322, "U6_3", 1135, -360.63, "T", "SMD", "3V3", "", "R", 49.21, 27.56, 0, 270],
		[323, "U7_1", 2429.76, -1075.75, "T", "SMD", "3V3", "", "R", 34.45, 7.87, 0, 90],
		[324, "U7_2", 2445.51, -1075.75, "T", "SMD", "INTER-MISO", "", "R", 34.45, 7.87, 0, 90],
		[325, "U7_3", 2461.26, -1075.75, "T", "SMD", "INTER-CS", "", "R", 34.45, 7.87, 0, 90],
		[326, "U7_4", 2477.02, -1075.75, "T", "SMD", "INTER-SCK", "", "R", 34.45, 7.87, 0, 90],
		[327, "U7_5", 2492.76, -1075.75, "T", "SMD", "INTER-MOSI", "", "R", 34.45, 7.87, 0, 90],
		[328, "U7_6", 2508.51, -1075.75, "T", "SMD", "1V1", "", "R", 34.45, 7.87, 0, 90],
		[329, "U7_7", 2524.26, -1075.75, "T", "SMD", "RGPIO4", "", "R", 34.45, 7.87, 0, 90],
		[330, "U7_8", 2540.01, -1075.75, "T", "SMD", "RGPIO5", "", "R", 34.45, 7.87, 0, 90],
		[331, "U7_9", 2555.74, -1075.75, "T", "SMD", "RGPIO6", "", "R", 34.45, 7.87, 0, 90],
		[332, "U7_10", 2571.49, -1075.75, "T", "SMD", "RGPIO7", "", "R", 34.45, 7.87, 0, 90],
		[333, "U7_11", 2587.24, -1075.75, "T", "SMD", "3V3", "", "R", 34.45, 7.87, 0, 90],
		[334, "U7_12", 2603, -1075.75, "T", "SMD", "RGPIO8", "", "R", 34.45, 7.87, 0, 90],
		[335, "U7_13", 2618.74, -1075.75, "T", "SMD", "RGPIO9", "", "R", 34.45, 7.87, 0, 90],
		[336, "U7_14", 2634.49, -1075.75, "T", "SMD", "RGPIO10", "", "R", 34.45, 7.87, 0, 90],
		[337, "U7_15", 2650.24, -1075.75, "T", "SMD", "RGPIO11", "", "R", 34.45, 7.87, 0, 90],
		[338, "U7_16", 2680.74, -1045.23, "T", "SMD", "INTER-TX", "", "R", 7.87, 34.45, 0, 90],
		[339, "U7_17", 2680.74, -1029.49, "T", "SMD", "INTER-RX", "", "R", 7.87, 34.45, 0, 90],
		[340, "U7_18", 2680.74, -1013.74, "T", "SMD", "$2N2842", "", "R", 7.87, 34.45, 0, 90],
		[341, "U7_19", 2680.74, -997.99, "T", "SMD", "$2N2849", "", "R", 7.87, 34.45, 0, 90],
		[342, "U7_20", 2680.74, -982.24, "T", "SMD", "3V3", "", "R", 7.87, 34.45, 0, 90],
		[343, "U7_21", 2680.74, -966.49, "T", "SMD", "XIN", "", "R", 7.87, 34.45, 0, 90],
		[344, "U7_22", 2680.74, -950.75, "T", "SMD", "XOUT", "", "R", 7.87, 34.45, 0, 90],
		[345, "U7_23", 2680.74, -935, "T", "SMD", "1V1", "", "R", 7.87, 34.45, 0, 90],
		[346, "U7_24", 2680.74, -919.25, "T", "SMD", "RSWCLK", "", "R", 7.87, 34.45, 0, 90],
		[347, "U7_25", 2680.74, -903.5, "T", "SMD", "RSWDIO", "", "R", 7.87, 34.45, 0, 90],
		[348, "U7_26", 2680.74, -887.75, "T", "SMD", "RRUN", "", "R", 7.87, 34.45, 0, 90],
		[349, "U7_27", 2680.74, -872.01, "T", "SMD", "RGPIO16", "", "R", 7.87, 34.45, 0, 90],
		[350, "U7_28", 2680.74, -856.26, "T", "SMD", "RGPIO17", "", "R", 7.87, 34.45, 0, 90],
		[351, "U7_29", 2680.74, -840.51, "T", "SMD", "RGPIO18", "", "R", 7.87, 34.45, 0, 90],
		[352, "U7_30", 2680.74, -824.76, "T", "SMD", "3V3", "", "R", 7.87, 34.45, 0, 90],
		[353, "U7_31", 2650.24, -794.25, "T", "SMD", "RGPIO19", "", "R", 34.45, 7.87, 0, 90],
		[354, "U7_32", 2634.49, -794.25, "T", "SMD", "RGPIO20", "", "R", 34.45, 7.87, 0, 90],
		[355, "U7_33", 2618.76, -794.25, "T", "SMD", "RGPIO21", "", "R", 34.45, 7.87, 0, 90],
		[356, "U7_34", 2603, -794.25, "T", "SMD", "RGPIO22", "", "R", 34.45, 7.87, 0, 90],
		[357, "U7_35", 2587.24, -794.25, "T", "SMD", "RGPIO23", "", "R", 34.45, 7.87, 0, 90],
		[358, "U7_36", 2571.49, -794.25, "T", "SMD", "RGPIO24", "", "R", 34.45, 7.87, 0, 90],
		[359, "U7_37", 2555.74, -794.25, "T", "SMD", "RGPIO25", "", "R", 34.45, 7.87, 0, 90],
		[360, "U7_38", 2540.01, -794.25, "T", "SMD", "3V3", "", "R", 34.45, 7.87, 0, 90],
		[361, "U7_39", 2524.26, -794.25, "T", "SMD", "1V1", "", "R", 34.45, 7.87, 0, 90],
		[362, "U7_40", 2508.51, -794.25, "T", "SMD", "RGPIO26", "", "R", 34.45, 7.87, 0, 90],
		[363, "U7_41", 2492.76, -794.25, "T", "SMD", "RGPIO27", "", "R", 34.45, 7.87, 0, 90],
		[364, "U7_42", 2477.01, -794.25, "T", "SMD", "RGPIO28", "", "R", 34.45, 7.87, 0, 90],
		[365, "U7_43", 2461.28, -794.25, "T", "SMD", "RGPIO29", "", "R", 34.45, 7.87, 0, 90],
		[366, "U7_44", 2445.51, -794.25, "T", "SMD", "3V3", "", "R", 34.45, 7.87, 0, 90],
		[367, "U7_45", 2429.76, -794.25, "T", "SMD", "3V3", "", "R", 34.45, 7.87, 0, 90],
		[368, "U7_46", 2399.26, -824.76, "T", "SMD", "RVREG_AVDD", "", "R", 7.87, 34.45, 0, 90],
		[369, "U7_47", 2399.26, -840.51, "T", "SMD", "GND", "GND", "R", 7.87, 34.45, 0, 90],
		[370, "U7_48", 2399.26, -856.26, "T", "SMD", "RVREG_LX", "", "R", 7.87, 34.45, 0, 90],
		[371, "U7_49", 2399.26, -872.01, "T", "SMD", "3V3", "", "R", 7.87, 34.45, 0, 90],
		[372, "U7_50", 2399.26, -887.75, "T", "SMD", "1V1", "", "R", 7.87, 34.45, 0, 90],
		[373, "U7_51", 2399.26, -903.5, "T", "SMD", "$2N3485", "", "R", 7.87, 34.45, 0, 90],
		[374, "U7_52", 2399.26, -919.25, "T", "SMD", "$2N3481", "", "R", 7.87, 34.45, 0, 90],
		[375, "U7_53", 2399.26, -935, "T", "SMD", "3V3", "", "R", 7.87, 34.45, 0, 90],
		[376, "U7_54", 2399.26, -950.75, "T", "SMD", "3V3", "", "R", 7.87, 34.45, 0, 90],
		[377, "U7_55", 2399.26, -966.49, "T", "SMD", "RQSPI_SD3", "", "R", 7.87, 34.45, 0, 90],
		[378, "U7_56", 2399.26, -982.24, "T", "SMD", "RQSPI_SCLK", "", "R", 7.87, 34.45, 0, 90],
		[379, "U7_57", 2399.26, -997.99, "T", "SMD", "RQSPI_SD0", "", "R", 7.87, 34.45, 0, 90],
		[380, "U7_58", 2399.26, -1013.74, "T", "SMD", "RQSPI_SD2", "", "R", 7.87, 34.45, 0, 90],
		[381, "U7_59", 2399.26, -1029.49, "T", "SMD", "RQSPI_SD1", "", "R", 7.87, 34.45, 0, 90],
		[382, "U7_60", 2399.26, -1045.23, "T", "SMD", "RQSPI_SS", "", "R", 7.87, 34.45, 0, 90],
		[383, "U7_61", 2540.01, -935, "T", "SMD", "GND", "GND", "R", 133.86, 133.86, 0, 90],
		[384, "U8_1", 3058.47, -983.31, "T", "SMD", "XIN", "", "R", 55.12, 47.24, 0, 90],
		[385, "U8_2", 3058.47, -896.69, "T", "SMD", "GND", "GND", "R", 55.12, 47.24, 0, 90],
		[386, "U8_3", 2991.53, -896.69, "T", "SMD", "$2N1327", "", "R", 55.12, 47.24, 0, 90],
		[387, "U8_4", 2991.53, -983.31, "T", "SMD", "GND", "GND", "R", 55.12, 47.24, 0, 90],
		[388, "U9_1", 2055, -1413.98, "T", "SMD", "RQSPI_SS", "", "O", 24.8, 88.58, 0, 0],
		[389, "U9_2", 2105, -1413.98, "T", "SMD", "RQSPI_SD1", "", "O", 24.8, 88.58, 0, 0],
		[390, "U9_3", 2155, -1413.98, "T", "SMD", "RQSPI_SD2", "", "O", 24.8, 88.58, 0, 0],
		[391, "U9_4", 2205, -1413.98, "T", "SMD", "GND", "GND", "O", 24.8, 88.58, 0, 0],
		[392, "U9_5", 2205, -1136.02, "T", "SMD", "RQSPI_SD0", "", "O", 24.8, 88.58, 0, 0],
		[393, "U9_6", 2155, -1136.02, "T", "SMD", "RQSPI_SCLK", "", "O", 24.8, 88.58, 0, 0],
		[394, "U9_7", 2105, -1136.02, "T", "SMD", "RQSPI_SD3", "", "O", 24.8, 88.58, 0, 0],
		[395, "U9_8", 2055, -1136.02, "T", "SMD", "3V3", "", "O", 24.8, 88.58, 0, 0],
		[396, "U10_1", 2894.45, -1957.5, "T", "SMD", "GND", "GND", "R", 97.05, 41.34, 0, 270],
		[397, "U10_2", 2985, -1957.5, "T", "SMD", "3V3", "", "R", 97.05, 41.34, 0, 270],
		[398, "U10_3", 3075.55, -1957.5, "T", "SMD", "VBUS", "", "R", 97.05, 41.34, 0, 270],
		[399, "U10_4", 2985, -1732.5, "T", "SMD", "3V3", "", "R", 97.05, 139.37, 0, 270],
		[400, "U11_1", 1964.92, -1959.1, "T", "DIP", "GND", "GND", "O", 39.37, 82.68, 66.93, 0],
		[401, "U11_1", 1964.92, -1959.1, "B", "DIP", "GND", "GND", "O", 39.37, 82.68, 66.93, 0],
		[402, "U11_2", 2305.08, -1959.1, "T", "DIP", "GND", "GND", "O", 39.37, 82.68, 66.93, 0],
		[403, "U11_2", 2305.08, -1959.1, "B", "DIP", "GND", "GND", "O", 39.37, 82.68, 66.93, 0],
		[404, "U11_3", 1964.92, -2123.66, "T", "DIP", "GND", "GND", "O", 39.37, 70.87, 55.12, 0],
		[405, "U11_3", 1964.92, -2123.66, "B", "DIP", "GND", "GND", "O", 39.37, 70.87, 55.12, 0],
		[406, "U11_4", 2305.08, -2123.66, "T", "DIP", "GND", "GND", "O", 39.37, 70.87, 55.12, 0],
		[407, "U11_4", 2305.08, -2123.66, "B", "DIP", "GND", "GND", "O", 39.37, 70.87, 55.12, 0],
		[408, "U11_A1B12", 2009.01, -1936.34, "T", "SMD", "GND", "GND", "R", 23.62, 51.18, 0, 0],
		[409, "U11_A4B9", 2040.51, -1936.34, "T", "SMD", "VBUS", "", "R", 23.62, 51.18, 0, 0],
		[410, "U11_A5", 2085.79, -1936.34, "T", "SMD", "$2N2410", "", "R", 11.81, 51.18, 0, 0],
		[411, "U11_A6", 2125.16, -1936.34, "T", "SMD", "USB_DP", "", "R", 11.81, 51.18, 0, 0],
		[412, "U11_A7", 2144.84, -1936.34, "T", "SMD", "USB_DM", "", "R", 11.81, 51.18, 0, 0],
		[413, "U11_A8", 2184.21, -1936.34, "T", "SMD", "U11_A8", "", "R", 11.81, 51.18, 0, 0],
		[414, "U11_B1A12", 2260.98, -1936.34, "T", "SMD", "GND", "GND", "R", 23.62, 51.18, 0, 0],
		[415, "U11_B4A9", 2229.49, -1936.34, "T", "SMD", "VBUS", "", "R", 23.62, 51.18, 0, 0],
		[416, "U11_B5", 2203.9, -1936.34, "T", "SMD", "$2N2414", "", "R", 11.81, 51.18, 0, 0],
		[417, "U11_B6", 2164.53, -1936.34, "T", "SMD", "USB_DP", "", "R", 11.81, 51.18, 0, 0],
		[418, "U11_B7", 2105.47, -1936.34, "T", "SMD", "USB_DM", "", "R", 11.81, 51.18, 0, 0],
		[419, "U11_B8", 2066.1, -1936.34, "T", "SMD", "U11_B8", "", "R", 11.81, 51.18, 0, 0],
		[420, "U14_1", 1195.5, -1958.26, "T", "DIP", "GND", "GND", "O", 39.37, 82.68, 66.93, 0],
		[421, "U14_1", 1195.5, -1958.26, "B", "DIP", "GND", "GND", "O", 39.37, 82.68, 66.93, 0],
		[422, "U14_2", 1535.66, -1958.26, "T", "DIP", "GND", "GND", "O", 39.37, 82.68, 66.93, 0],
		[423, "U14_2", 1535.66, -1958.26, "B", "DIP", "GND", "GND", "O", 39.37, 82.68, 66.93, 0],
		[424, "U14_3", 1195.5, -2122.82, "T", "DIP", "GND", "GND", "O", 39.37, 70.87, 55.12, 0],
		[425, "U14_3", 1195.5, -2122.82, "B", "DIP", "GND", "GND", "O", 39.37, 70.87, 55.12, 0],
		[426, "U14_4", 1535.66, -2122.82, "T", "DIP", "GND", "GND", "O", 39.37, 70.87, 55.12, 0],
		[427, "U14_4", 1535.66, -2122.82, "B", "DIP", "GND", "GND", "O", 39.37, 70.87, 55.12, 0],
		[428, "U14_A1B12", 1239.59, -1935.5, "T", "SMD", "GND", "GND", "R", 23.62, 51.18, 0, 0],
		[429, "U14_A4B9", 1271.09, -1935.5, "T", "SMD", "VBUS", "", "R", 23.62, 51.18, 0, 0],
		[430, "U14_A5", 1316.37, -1935.5, "T", "SMD", "$1N15260", "", "R", 11.81, 51.18, 0, 0],
		[431, "U14_A6", 1355.74, -1935.5, "T", "SMD", "FUSB_DP", "", "R", 11.81, 51.18, 0, 0],
		[432, "U14_A7", 1375.42, -1935.5, "T", "SMD", "FUSB_DM", "", "R", 11.81, 51.18, 0, 0],
		[433, "U14_A8", 1414.79, -1935.5, "T", "SMD", "U14_A8", "", "R", 11.81, 51.18, 0, 0],
		[434, "U14_B1A12", 1491.56, -1935.5, "T", "SMD", "GND", "GND", "R", 23.62, 51.18, 0, 0],
		[435, "U14_B4A9", 1460.07, -1935.5, "T", "SMD", "VBUS", "", "R", 23.62, 51.18, 0, 0],
		[436, "U14_B5", 1434.48, -1935.5, "T", "SMD", "$1N15261", "", "R", 11.81, 51.18, 0, 0],
		[437, "U14_B6", 1395.11, -1935.5, "T", "SMD", "FUSB_DP", "", "R", 11.81, 51.18, 0, 0],
		[438, "U14_B7", 1336.05, -1935.5, "T", "SMD", "FUSB_DM", "", "R", 11.81, 51.18, 0, 0],
		[439, "U14_B8", 1296.68, -1935.5, "T", "SMD", "U14_B8", "", "R", 11.81, 51.18, 0, 0],
		[440, "X1_1", 797.76, -650, "T", "SMD", "X1_1", "", "R", 59.05, 47.24, 0, 270],
		[441, "X1_2", 797.76, -750, "T", "SMD", "GND", "GND", "R", 59.05, 47.24, 0, 270],
		[442, "X1_3", 892.24, -750, "T", "SMD", "FPGACLACK", "", "R", 59.05, 47.24, 0, 90],
		[443, "X1_4", 892.24, -650, "T", "SMD", "3V3", "", "R", 59.05, 47.24, 0, 270],
		[444, "PAD1_1", 150, -155, "T", "DIP", "GND", "GND", "C", 196.85, 196.85, 118.11, 0],
		[445, "PAD1_1", 150, -155, "B", "DIP", "GND", "GND", "C", 196.85, 196.85, 118.11, 0],
		[446, "PAD2_1", 145, -2065, "T", "DIP", "GND", "GND", "C", 196.85, 196.85, 118.11, 0],
		[447, "PAD2_1", 145, -2065, "B", "DIP", "GND", "GND", "C", 196.85, 196.85, 118.11, 0],
		[448, "PAD3_1", 3215, -150, "T", "DIP", "GND", "GND", "C", 196.85, 196.85, 118.11, 0],
		[449, "PAD3_1", 3215, -150, "B", "DIP", "GND", "GND", "C", 196.85, 196.85, 118.11, 0]
	]
}
}